eventId,content,template
E100,"printFreezingDisplayLogsopening app wtoken = AppWindowToken{9f4ef63 token=Token{a64f992 ActivityRecord{de9231d u0 com.tencent.qt.qtl/.activity.info.NewsDetailXmlActivity t761}}}, allDrawn= false, startingDisplayed =  false, startingMoved =  false, isRelaunching =  false","printFreezingDisplayLogsopening app wtoken = AppWindowToken{<*> token=Token{<*> ActivityRecord{<*> u0 <*>/.<*> t761}}}, allDrawn= false, startingDisplayed =  false, startingMoved =  false, isRelaunching =  false"
E10,"acquire lock=233570404, flags=0x1, tag=""View Lock"", name=com.android.systemui, ws=null, uid=10037, pid=2227","acquire lock=<*>, flags=<*>, tag=""<*>"", name=<*>, ws=<*>, uid=<*>, pid=<*>"
E103,"ready=true,policy=3,wakefulness=1,wksummary=0x23,uasummary=0x1,bootcompleted=true,boostinprogress=false,waitmodeenable=false,mode=false,manual=38,auto=-1,adj=0.0userId=0","ready=true,policy=<*>,wakefulness=<*>,wksummary=<*>,uasummary=<*>,bootcompleted=true,boostinprogress=false,waitmodeenable=false,mode=false,manual=<*>,auto=<*>,adj=<*>.0userId=<*>"
E131,Skipping AppWindowToken{df0798e token=Token{78af589 ActivityRecord{3b04890 u0 com.tencent.qt.qtl/com.tencent.video.player.activity.PlayerActivity t761}}} -- going to hide,Skipping AppWindowToken{<*> token=Token{<*> ActivityRecord{<*> u0 <*>}}} -- going to hide
E108,"release:lock=233570404, flg=0x0, tag=""View Lock"", name=com.android.systemui"", ws=null, uid=10037, pid=2227","release:lock=<*>, flg=<*>, tag=""<*>"", name=<*>, ws=<*>, uid=<*>, pid=<*>"
E155,"updateClipping isOverlap:false, getTopPadding=333.0, Translation=-24.0","updateClipping isOverlap:false, getTopPadding=<*>.<*>, Translation=<*>.<*>"
E126,"setSystemUiVisibility vis=40000500 mask=ffffffff oldVal=508 newVal=40000500 diff=40000008 fullscreenStackVis=0 dockedStackVis=0, fullscreenStackBounds=Rect(0, 0 - 720, 1280), dockedStackBounds=Rect(0, 0 - 0, 0)","setSystemUiVisibility vis=<*> mask=<*> oldVal=<*> newVal=<*> diff=<*> fullscreenStackVis=<*> dockedStackVis=<*>, fullscreenStackBounds=Rect(<*>, <*> - <*>, <*>), dockedStackBounds=Rect(<*>, <*> - <*>, <*>)"
E84,"notifyUiVisibilityChanged:vis=0x40000500, SystemUiVisibility=0x40000500","notifyUiVisibilityChanged:vis=<*>, SystemUiVisibility=<*>"
E41,Destroying surface Surface(name=SurfaceView - com.tencent.qt.qtl/com.tencent.video.player.activity.PlayerActivity) called by com.android.server.wm.WindowStateAnimator.destroyDeferredSurfaceLocked:942 com.android.server.wm.WindowManagerService.performDeferredDestroyWindow:3407 com.android.server.wm.Session.performDeferredDestroy:225 android.view.IWindowSession$Stub.onTransact:398 com.android.server.wm.Session.onTransact:136 android.os.Binder.execTransact:565 <bottom of call stack> <bottom of call stack>,Destroying surface Surface(name=<*>) called by <*>
E164,"userActivityNoUpdateLocked: eventTime=261843648, event=0, flags=0x1, uid=1000","userActivityNoUpdateLocked: eventTime=<*>, event=<*>, flags=<*>, uid=<*>"
E114,"rotationForOrientationLw(orient=1, last=0); user=0 USER_ROTATION_LOCKED","rotationForOrientationLw(orient=<*>, last=<*>); user=<*> USER_ROTATION_LOCKED"
E64,HBM brightnessIn =38,HBM brightnessIn =<*>
E65,HBM brightnessOut =38,HBM brightnessOut =<*>
E21,"Animating brightness: target=38, rate=200","Animating brightness: target=<*>, rate=<*>"
E69,interceptKeyTq keycode=4 interactive=true keyguardActive=false policyFlags=2b000002 down true canceled false,interceptKeyTq keycode=<*> interactive=true keyguardActive=false policyFlags=<*> down true canceled false
E68,interceptKeyTq keycode=4 interactive=true keyguardActive=false policyFlags=2b000002 down false canceled false,interceptKeyTq keycode=<*> interactive=true keyguardActive=false policyFlags=<*> down false canceled false
E93,"onTouchEvent::0, x=271.0, y=14.0","onTouchEvent::<*>, x=<*>.<*>, y=<*>.<*>"
E161,"updateLightsLocked,mInCall =false,mScreenOn = true,ledNotification == null?true","updateLightsLocked,mInCall =false,mScreenOn = true,ledNotification == null?true"
E156,"updateClipping isOverlap:true, getTopPadding=333.0, Translation=-529.0","updateClipping isOverlap:true, getTopPadding=<*>.<*>, Translation=<*>.<*>"
E48,"flingToHeight: vel=2849.079, expand=true, target=553.0, collapseSpeedUpFactor=1.0, expandBecauseOfFalsing=false","flingToHeight: vel=<*>.<*>, expand=true, target=<*>.<*>, collapseSpeedUpFactor=<*>.<*>, expandBecauseOfFalsing=false"
E5,[PhoneIntfMgr] getDataEnabled: subId=1 phoneId=1,[PhoneIntfMgr] getDataEnabled: subId=<*> phoneId=<*>
E6,[PhoneIntfMgr] getDataEnabled: subId=1 retVal=true,[PhoneIntfMgr] getDataEnabled: subId=<*> retVal=true
E87,"onInterceptTouchEvent MotionEvent { action=ACTION_DOWN, actionButton=0, id[0]=0, x[0]=317.0, y[0]=419.0, toolType[0]=TOOL_TYPE_FINGER, buttonState=0, metaState=0, flags=0x0, edgeFlags=0x0, pointerCount=1, historySize=0, eventTime=261851646, downTime=261851646, deviceId=3, source=0x1002 }, mBlockTouches=false","onInterceptTouchEvent MotionEvent { action=ACTION_DOWN, actionButton=<*>, id[<*>]=<*>, x[<*>]=<*>.<*>, y[<*>]=<*>.<*>, toolType[<*>]=TOOL_TYPE_FINGER, buttonState=<*>, metaState=<*>, flags=<*>, edgeFlags=<*>, pointerCount=<*>, historySize=<*>, eventTime=<*>, downTime=<*>, deviceId=<*>, source=<*> }, mBlockTouches=false"
E88,"onInterceptTouchEvent MotionEvent { action=ACTION_UP, actionButton=0, id[0]=0, x[0]=317.0, y[0]=419.0, toolType[0]=TOOL_TYPE_FINGER, buttonState=0, metaState=0, flags=0x0, edgeFlags=0x0, pointerCount=1, historySize=0, eventTime=261851713, downTime=261851646, deviceId=3, source=0x1002 }, mBlockTouches=false","onInterceptTouchEvent MotionEvent { action=ACTION_UP, actionButton=<*>, id[<*>]=<*>, x[<*>]=<*>.<*>, y[<*>]=<*>.<*>, toolType[<*>]=TOOL_TYPE_FINGER, buttonState=<*>, metaState=<*>, flags=<*>, edgeFlags=<*>, pointerCount=<*>, historySize=<*>, eventTime=<*>, downTime=<*>, deviceId=<*>, source=<*> }, mBlockTouches=false"
E20,"animateCollapsePanels:flags=2, force=true, delayed=true, mExpandedVisible=true","animateCollapsePanels:flags=<*>, force=true, delayed=true, mExpandedVisible=true"
E140,START u0 {act=com.tencent.mobileqq.action.MAINACTIVITY flg=0x14000000 cmp=com.tencent.mobileqq/.activity.SplashActivity (has extras)} from uid 10111 on display 0,START u0 {act=<*> flg=<*> cmp=<*> (has extras)} from uid <*> on display <*>
E28,"cancelNotification,cancelNotificationLocked,callingUid = 10037,callingPid = 2227","cancelNotification,cancelNotificationLocked,callingUid = <*>,callingPid = <*>"
E30,"cancelNotificationLocked called,tell the app,reason = 1","cancelNotificationLocked called,tell the app,reason = <*>"
E31,"cancelNotificationLocked,remove =com.tencent.mobileqq","cancelNotificationLocked,remove =<*>"
E23,applyOptionsLocked: Unknown animationType=0,applyOptionsLocked: Unknown animationType=<*>
E47,"flingToHeight: vel=0.0, expand=false, target=0.0, collapseSpeedUpFactor=1.0, expandBecauseOfFalsing=false","flingToHeight: vel=<*>.<*>, expand=false, target=<*>.<*>, collapseSpeedUpFactor=<*>.<*>, expandBecauseOfFalsing=false"
E163,"updateNotificationShade: total=0, active=0","updateNotificationShade: total=<*>, active=<*>"
E19,"animateCollapsePanels:flags=0, force=false, delayed=false, mExpandedVisible=true","animateCollapsePanels:flags=<*>, force=false, delayed=false, mExpandedVisible=true"
E136,"Skipping, withExcluded: false, tr.intent:Intent { flg=0x10804000 cmp=com.android.systemui/.recents.RecentsActivity bnds=[264,444][920,908] }","Skipping, withExcluded: false, tr.intent:Intent { flg=<*> cmp=<*> bnds=<*> }"
E134,"Skipping, withExcluded: false, tr.intent:Intent { act=android.intent.action.MAIN flg=0x10840000 cmp=com.android.incallui/.InCallActivity (has extras) }","Skipping, withExcluded: false, tr.intent:Intent { act=<*> flg=<*> cmp=<*> (has extras) }"
E135,"Skipping, withExcluded: false, tr.intent:Intent { flg=0x18800000 cmp=com.tencent.mm/.plugin.base.stub.WXEntryActivity (has extras) }","Skipping, withExcluded: false, tr.intent:Intent { flg=<*> cmp=<*> (has extras) }"
E132,"Skipping, withExcluded: false, tr.intent:Intent { act=com.android.contacts.action.CHOOSE_SUB dat=tel:xxxxxxxxxxx flg=0x10808000 cmp=com.android.contacts/.ChooseSubActivity (has extras) }","Skipping, withExcluded: false, tr.intent:Intent { act=<*> dat=<*> flg=<*> cmp=<*> (has extras) }"
E133,"Skipping, withExcluded: false, tr.intent:Intent { act=android.intent.action.VIEW dat=file:///storage/emulated/0/Tencent/QQfile_recv/b.apk typ=application/vnd.android.package-archive flg=0x10800000 cmp=com.android.packageinstaller/.PackageInstallerActivity (has extras) }","Skipping, withExcluded: false, tr.intent:Intent { act=<*> dat=<*> typ=<*> flg=<*> cmp=<*> (has extras) }"
E55,"getRecentTasks: num=20,flags=62,totalTasks=46","getRecentTasks: num=<*>,flags=<*>,totalTasks=<*>"
E56,getRecentTasks: topActivity=ComponentInfo{com.tencent.mobileqq/com.tencent.mobileqq.activity.SplashActivity},getRecentTasks: topActivity=ComponentInfo{<*><*>.<*>}
E33,"cancelNotificationWithTag pid 28601,uid = 10111,tag = null,pkg =com.tencent.mobileqq,id =121","cancelNotificationWithTag pid <*>,uid = <*>,tag = null,pkg =<*>,id =<*>"
E79,makeExpandedInvisible: mExpandedVisible=true,makeExpandedInvisible: mExpandedVisible=true
E137,"Start dump, calling from : pid=12782, uid=1000","Start dump, calling from : pid=<*>, uid=<*>"
E15,"ActivityManagerService,attachApplication,callingPid = 12787","ActivityManagerService,attachApplication,callingPid = <*>"
E147,stopWifiDisplayScanLocked record.mWifiDisplayScanRequested=false,stopWifiDisplayScanLocked record.mWifiDisplayScanRequested=false
E146,stopWifiDisplayScanLocked mWifiDisplayScanRequestCount=0,stopWifiDisplayScanLocked mWifiDisplayScanRequestCount=<*>
E120,"sending alarm Alarm{aa90550 type 3 when 509142332 PendingIntent{1749923: PendingIntentRecord{9600e20 android broadcastIntent}}},repeatInterval = 0,listenerTag =time_tick","sending alarm Alarm{<*> type <*> when <*> PendingIntent{<*>: PendingIntentRecord{<*> android broadcastIntent}}},repeatInterval = <*>,listenerTag =time_tick"
E116,scheduleTimeTickEvent triggerAtTime = 509202333,scheduleTimeTickEvent triggerAtTime = <*>
E119,"sending alarm Alarm{19069ff type 3 when 509169377 PendingIntent{50303cc: PendingIntentRecord{e204f60 com.android.phone broadcastIntent}}},repeatInterval = 0,listenerTag =null","sending alarm Alarm{<*> type <*> when <*> PendingIntent{<*>: PendingIntentRecord{<*> <*> broadcastIntent}}},repeatInterval = <*>,listenerTag =null"
E152,Unable to start service Intent { act=com.tencent.android.tpush.action.keepalive cmp=com.qqgame.hlddz/com.tencent.android.tpush.service.XGPushService } U=0: not found,Unable to start service Intent { act=<*> cmp=<*>.<*> } U=<*>: not found
E83,"new Process app=ProcessRecord{6eaaf00 0:com.tencent.mobileqq:qzone/u0a111}, name: com.tencent.mobileqq:qzone, euid: 0","new Process app=ProcessRecord{<*> <*>:<*>:qzone<*>}, name: <*>:qzone, euid: <*>"
E18,"animateCollapsePanels:flags=0, force=false, delayed=false, mExpandedVisible=false","animateCollapsePanels:flags=<*>, force=false, delayed=false, mExpandedVisible=false"
E46,enqueueNotificationInternal: pkg=com.tencent.mobileqq id=121 notification=Notification(pri=1 contentView=null vibrate=[100] sound=null tick defaults=0x0 flags=0x11 color=0x00000000 vis=PRIVATE),enqueueNotificationInternal: pkg=<*> id=<*> notification=Notification(pri=<*> contentView=null vibrate=[<*>] sound=null tick defaults=<*> flags=<*> color=<*> vis=PRIVATE)
E44,enqueueNotificationInternal: n.getKey = 0|com.tencent.mobileqq|121|null|10111,enqueueNotificationInternal: n.getKey = <*>
E160,"updateLightsLocked,mInCall =false,mScreenOn = true,ledNotification == null?false","updateLightsLocked,mInCall =false,mScreenOn = true,ledNotification == null?false"
E17,addNotification key=0|com.tencent.mobileqq|121|null|10111,addNotification key=<*>|<*>|<*>|null|<*>
E139,"START u0 {act=android.intent.action.MAIN cat=[android.intent.category.LAUNCHER] flg=0x10200000 cmp=com.example.android.notepad/.NotePadActivity bnds=[8,820][184,1011]} from uid 10057 on display 0",START u0 {act=<*> cat=[<*>] flg=<*> cmp=<*> bnds=<*>} from uid <*> on display <*>
E14,"ACTIVITY check resid: com.example.android.notepad, size=0","ACTIVITY check resid: <*>, size=<*>"
E49,getAllCellInfo is blocked by permission manager . callingPackage = com.tencent.mobileqq,getAllCellInfo is blocked by permission manager . callingPackage = <*>
E159,"updateIsPoweredLocked: wasPowered=false, mIsPowered=false, oldPlugType=0, mPlugType=0, mBatteryLevel=23","updateIsPoweredLocked: wasPowered=false, mIsPowered=false, oldPlugType=<*>, mPlugType=<*>, mBatteryLevel=<*>"
E154,updateChargingLocked: charging=false,updateChargingLocked: charging=false
E24,ApStaDisabledState what=155652,ApStaDisabledState what=<*>
E40,DefaultState what=155652,DefaultState what=<*>
E45,enqueueNotificationInternal: pkg=com.tencent.mm id=4097 notification=Notification(pri=1 contentView=null vibrate=[] sound=null tick defaults=0x0 flags=0x101 color=0x00000000 category=msg vis=PRIVATE),enqueueNotificationInternal: pkg=<*> id=<*> notification=Notification(pri=<*> contentView=null vibrate=[<*>] sound=null tick defaults=<*> flags=<*> color=<*> category=msg vis=PRIVATE)
E141,START u0 {flg=0x24000000 cmp=com.tencent.mm/.ui.LauncherUI (has extras)} from uid 10112 on display 0,START u0 {flg=<*> cmp=<*> (has extras)} from uid <*> on display <*>
E142,startActivity called from non-Activity context; forcing Intent.FLAG_ACTIVITY_NEW_TASK for: Intent { flg=0x24000000 cmp=com.tencent.mm/.ui.LauncherUI (has extras) },startActivity called from non-Activity context; forcing Intent.FLAG_ACTIVITY_NEW_TASK for: Intent { flg=<*> cmp=<*> (has extras) }
E78,makeExpandedInvisible: mExpandedVisible=false,makeExpandedInvisible: mExpandedVisible=false
E97,"problem state (0=sup,1=usr).......0","problem state (<*>=sup,<*>=usr).......<*>"
E73,Ido chip status changed: FF:F2:9F:16:E2:23:00:0D:60:E9:1D:DC ip=10.0.0.151 v=9 t=4 status=M Fri Jul 01 08:16:53 PDT 2005,Ido chip status changed: <*> ip=<*> v=<*> t=<*> status=M <*>
E112,"rts: kernel terminated for reason 1001rts: bad message header: invalid cpu, type=42315, cpu=105, index=1207960804, total=2691015","rts: kernel terminated for reason <*>: bad message header: invalid cpu, type=<*>, cpu=<*>, index=<*>, total=<*>"
E88,New ido chip inserted into the database: FF:F2:9F:15:1F:72:00:0D:60:EA:E0:8D ip=10.7.0.13 v=9 t=2,New ido chip inserted into the database: <*> ip=<*> v=<*> t=<*>
E74,"idoproxydb hit ASSERT condition: ASSERT expression=0 Source file=idotransportmgr.cpp Source line=1043 Function=int IdoTransportMgr::SendPacket(IdoUdpMgr*, BglCtlPavTrace*)","idoproxydb hit ASSERT condition: ASSERT expression=0 Source file=idotransportmgr.cpp Source line=<*> Function=int IdoTransportMgr::SendPacket(IdoUdpMgr*, BglCtlPavTrace*)"
E35,"ciod: In packet from node 91.0 (R62-M1-Nf-C:J03-U11), message code 2 is not 3 or 4294967295 (softheader=003b005b 00030000 00000001 00000000)","ciod: In packet from node <*>.<*> (<*>), message code <*> is not <*> or <*> (softheader=<*> <*> <*> <*>)"
E110,rts: bad message header: expecting type 57 instead of type 3 (softheader=00131db8 81aa0003 00000002 00000000) PSR0=00001f01 PSR1=00000000 PRXF=00000002 PIXF=00000007,rts: bad message header: expecting type <*> instead of type <*> (softheader=<*> <*> <*> <*>) PSR0=<*> PSR1=<*> PRXF=<*> PIXF=<*>
E44,critical input interrupt (unit=0x0b bit=0x06): warning for torus y+ wire,critical input interrupt (unit=<*> bit=<*>): warning for torus y+ wire
E45,critical input interrupt (unit=0x0b bit=0x0b): warning for torus z- wire,critical input interrupt (unit=<*> bit=<*>): warning for torus z- wire
E60,"Error receiving packet on tree network, expecting type 57 instead of type 3 (softheader=0064588e 8aff0003 00000002 00000000) PSR0=00001f01 PSR1=00000000 PRXF=00000002 PIXF=00000007","Error receiving packet on tree network, expecting type <*> instead of type <*> (softheader=<*> <*> <*> <*>) PSR0=<*> PSR1=<*> PRXF=<*> PIXF=<*>"
E46,"critical input interrupt (unit=0x0b bit=0x0a): warning for torus z+ wire, suppressing further interrupts of same type","critical input interrupt (unit=<*> bit=<*>): warning for torus z+ wire, suppressing further interrupts of same type"
E41,"ciod: Received signal 15, code=0, errno=0, address=0x000001b0","ciod: Received signal <*>, code=<*>, errno=<*>, address=<*>"
E82,MACHINE CHECK DCR read timeout (mc=e08x iar 0x00000000 lr 0xc00045a4),MACHINE CHECK DCR read timeout (mc=<*> iar <*> lr <*>)
E56,dbcr0=0x00000000 dbsr=0x00000000 ccr0=0x40002000,dbcr0=<*> dbsr=<*> ccr0=<*>
E106,r24=0x0ffea4c8 r25=0x00000003 r26=0x0000000f r27=0xffffd000,r24=<*> r25=<*> r26=<*> r27=<*>
E47,"critical input interrupt (unit=0x0b bit=0x17): warning for tree C1 wire, suppressing further interrupts of same type","critical input interrupt (unit=<*> bit=<*>): warning for tree C1 wire, suppressing further interrupts of same type"
E65,fpr29=0xffffffff ffffffff ffffffff ffffffff,fpr29=<*>
E48,Input size for job job_1445144423722_0020 = 1256521728. Number of splits = 10,Input size for job job_<*> = <*>. Number of splits = <*>
E73,Number of reduces for job job_1445144423722_0020 = 1,Number of reduces for job job_<*> = <*>
E5,Added global filter 'safety' (class=org.apache.hadoop.http.HttpServer2$QuotingInputFilter),Added global filter 'safety' (class=org.apache.hadoop.http.HttpServer2$QuotingInputFilter)
E3,Added filter AM_PROXY_FILTER (class=org.apache.hadoop.yarn.server.webproxy.amfilter.AmIpFilter) to context mapreduce,Added filter AM_PROXY_FILTER (class=org.apache.hadoop.yarn.server.webproxy.amfilter.AmIpFilter) to context mapreduce
E4,Added filter AM_PROXY_FILTER (class=org.apache.hadoop.yarn.server.webproxy.amfilter.AmIpFilter) to context static,Added filter AM_PROXY_FILTER (class=org.apache.hadoop.yarn.server.webproxy.amfilter.AmIpFilter) to context static
E45,"getResources() for application_1445144423722_0020: ask=4 release= 0 newContainers=0 finishedContainers=0 resourcelimit=<memory:10240, vCores:-17> knownNMs=4","getResources() for application_<*>: ask=<*> release= <*> newContainers=<*> finishedContainers=<*> resourcelimit=<memory:<*>, vCores:<*>> knownNMs=<*>"
E83,"Recalculating schedule, headroom=<memory:10240, vCores:-17>","Recalculating schedule, headroom=<memory:<*>, vCores:<*>>"
E26,"Cannot assign container Container: [ContainerId: container_1445144423722_0020_01_000012, NodeId: MSRA-SA-39.fareast.corp.microsoft.com:28345, NodeHttpAddress: MSRA-SA-39.fareast.corp.microsoft.com:8042, Resource: <memory:1024, vCores:1>, Priority: 20, Token: Token { kind: ContainerToken, service: 172.22.149.145:28345 }, ] for a map as either  container memory less than required <memory:1024, vCores:1> or no pending map tasks - maps.isEmpty=true","Cannot assign container Container: [ContainerId: container_<*>, NodeId: <*>:<*>, NodeHttpAddress: <*>:<*>, Resource: <memory:<*>, vCores:<*>>, Priority: <*>, Token: Token { kind: ContainerToken, service: <*>:<*> }, ] for a map as either  container memory less than required <memory:<*>, vCores:<*>> or no pending map tasks - maps.isEmpty=true"
E96,"Slow ReadProcessor read fields took 65020ms (threshold=30000ms); ack: seqno: -2 status: SUCCESS status: ERROR downstreamAckTimeNanos: 0, targets: [10.86.169.121:50010, 10.190.173.170:50010]","Slow ReadProcessor read fields took <*>ms (threshold=<*>ms); ack: seqno: <*> status: SUCCESS status: ERROR downstreamAckTimeNanos: <*>, targets: [<*>:<*>, <*>:<*>]"
E91,"Retrying connect to server: msra-sa-41:8030. Already tried 0 time(s); retry policy is RetryUpToMaximumCountWithFixedSleep(maxRetries=10, sleepTime=1000 MILLISECONDS)","Retrying connect to server: <*>:<*>. Already tried <*> time(s); retry policy is RetryUpToMaximumCountWithFixedSleep(maxRetries=<*>, sleepTime=<*> MILLISECONDS)"
E22, getTodayTotalDetailSteps = 1514038440000##6993##548365##8661##12266##27164404,getTodayTotalDetailSteps = <*>##<*>##<*>##<*>##<*>##<*>
E58,setTodayTotalDetailSteps=1514038440000##7007##548365##8661##12361##27173954,setTodayTotalDetailSteps=<*>
E4,calculateCaloriesWithCache totalCalories=126775,calculateCaloriesWithCache totalCalories=<*>
E3,calculateAltitudeWithCache totalAltitude=240,calculateAltitudeWithCache totalAltitude=<*>
E1,Alarm uploadStaticsToDB totalSteps=7163Calories:153367Floor:240Distance:5112,Alarm uploadStaticsToDB totalSteps=<*>:<*>:<*>:<*>
E72,"upLoadOneMinuteDataToEngine time=25233975,0,93,0,20002","upLoadOneMinuteDataToEngine time=<*>,<*>,<*>,<*>,<*>"
E16,getBinderPackageName packageName = com.huawei.health,getBinderPackageName packageName = com.huawei.health
E15,"getAppContext() isAppValid health or wear, packageName = com.huawei.health","getAppContext() isAppValid health or wear, packageName = <*>"
E32,insertHiHealthData() checkAppType  0 appID = 1,insertHiHealthData() checkAppType  <*> appID = <*>
E34,"insertHiHealthData() size = 4,app = 1,One Data Type = 40002,packageName = com.huawei.health,writeStatType = 0","insertHiHealthData() size = <*>,app = <*>,One Data Type = <*>,packageName = <*>,writeStatType = <*>"
E49,"saveHealthDetailData() deviceID = 2,clientID=1,id=1","saveHealthDetailData() deviceID = <*>,clientID=<*>,id=<*>"
E52,"saveStatData() type =40002,time = 1513958400000,statClient = 2,who is 1","saveStatData() type =<*>,time = <*>,statClient = <*>,who is <*>"
E37,"new date =20171223, type=40002,7163.0,old=6983.0","new date =<*>, type=<*>,<*>.<*>,old=<*>.<*>"
E50,"saveHealthDetailData() saveOneDetailData fail hiHealthData = 1513958400000,type = 40003","saveHealthDetailData() saveOneDetailData fail hiHealthData = <*>,type = <*>"
E2,"bulkSaveDetailHiHealthData() size = 4,totalTime = 30","bulkSaveDetailHiHealthData() size = <*>,totalTime = <*>"
E63,startListenerChange subscribeList = [1],startListenerChange subscribeList = [<*>]
E31,"insertHiHealthData() bulkSaveDetailHiHealthData fail errorCode = 4,errorMessage = ERR_DATA_INSERT","insertHiHealthData() bulkSaveDetailHiHealthData fail errorCode = <*>,errorMessage = ERR_DATA_INSERT"
E33,insertHiHealthData() end totalTime = 45,insertHiHealthData() end totalTime = <*>
E74,uploadStaticsToDB() onResult  type = 4 obj=true,uploadStaticsToDB() onResult  type = <*> obj=true
E73,uploadStaticsToDB failed message=true,uploadStaticsToDB failed message=true
E64,"startSync hiSyncOption = HiSyncOption{syncAction=2, syncMethod=2, syncScope=0, syncDataType=20000, syncModel=2, pushAction=0},app = 1 who = 1","startSync hiSyncOption = HiSyncOption{syncAction=<*>, syncMethod=<*>, syncScope=<*>, syncDataType=<*>, syncModel=<*>, pushAction=<*>},app = <*> who = <*>"
E51,"saveRealTimeHealthDatasStat() size = 1,totalTime = 48","saveRealTimeHealthDatasStat() size = <*>,totalTime = <*>"
E29,InsertCallBack() onSuccess  type = 0 data=true,InsertCallBack() onSuccess  type = <*> data=true
E60,setWriteDBLastDataMinute=25233979,setWriteDBLastDataMinute=<*>
E69,"timeStamp back,extendReportTimeStamp=1514039575000","timeStamp back,extendReportTimeStamp=<*>"
E21,getTodaySportData mStepsRecordManager=com.huawei.health.g.c@8a2a501,getTodaySportData mStepsRecordManager=<*>
E19, getStepCounterStatus= true,getStepCounterStatus= true
E20, getTodayBasicStandardSteps= 1514018661124##0##3428,getTodayBasicStandardSteps= <*>##<*>##<*>
E17, getDiffTotalSteps= 1513958400215##0,getDiffTotalSteps= <*>##<*>
E55,setBasicStandardSteps basicStandardStep=3786 restartSteps=0,setBasicStandardSteps basicStandardStep=<*> restartSteps=<*>
E56,setDiffTotalSteps=0,setDiffTotalSteps=<*>
E13,Component State Change: Component \042SCSI-WWID:01000010:6005-08b4-0001-00c6-0006-3000-003d-0000\042 is in the unavailable state (HWID=1973),Component State Change: Component <*> is in the unavailable state (HWID=<*>)
E35,psu failure\ ambient=28,psu failure\ ambient=<*>
E2,ambient=30,ambient=<*>
E16,authentication failure; logname= uid=0 euid=0 tty=NODEVssh ruser= rhost=218.188.2.4,authentication failure; logname= uid=0 euid=0 tty=NODEVssh ruser= rhost=<*>
E18,authentication failure; logname= uid=0 euid=0 tty=NODEVssh ruser= rhost=220-135-151-1.hinet-ip.hinet.net  user=root,authentication failure; logname= uid=0 euid=0 tty=NODEVssh ruser= rhost=<*>  user=root
E102,session opened for user cyrus by (uid=0),session opened for user <*> by (uid=<*>)
E17,authentication failure; logname= uid=0 euid=0 tty=NODEVssh ruser= rhost=211.46.224.253  user=guest,authentication failure; logname= uid=0 euid=0 tty=NODEVssh ruser= rhost=<*>  user=guest
E103,session opened for user root by LOGIN(uid=0),session opened for user <*> by LOGIN(uid=<*>)
E19,authentication failure; logname= uid=0 euid=0 tty=NODEVssh ruser= rhost=212.0.132.20  user=test,authentication failure; logname= uid=0 euid=0 tty=NODEVssh ruser= rhost=<*>  user=test
E15,authentication failure; logname= uid=0 euid=0 tty=:0 ruser= rhost=,authentication failure; logname= uid=0 euid=0 tty=:0 ruser= rhost=
E64,"klogd 1.4.1, log source = /proc/kmsg started.","klogd <*>.<*>.<*>, log source = /proc/kmsg started."
E117,You can enable it with acpi=force,You can enable it with acpi=force
E62,Kernel command line: ro root=LABEL=/ rhgb quiet,Kernel command line: ro root=LABEL=/ rhgb quiet
E32,"CPU 0 irqstacks, hard=02345000 soft=02344000","CPU <*> irqstacks, hard=<*> soft=<*>"
E78,"PCI: PCI BIOS revision 2.10 entry at 0xfc0ce, last bus=1","PCI: PCI BIOS revision <*>.<*> entry at <*>, last bus=<*>"
E63,kernel.core_uses_pid = 1,kernel.core_uses_pid = <*>
E252,IOThunderboltSwitch<0>(0x0)::listenerCallback - Thunderbolt HPD packet for route = 0x0 port = 11 unplug = 0,IOThunderboltSwitch<<*>>(<*>)::listenerCallback - Thunderbolt HPD packet for route = <*> port = <*> unplug = <*>
E120,AppleCamIn::systemWakeCall - messageType = 0xE0000340,AppleCamIn::systemWakeCall - messageType = <*>
E55,AppleThunderboltNHIType2::waitForOk2Go2Sx - retries = 7,<*>::<*> - retries = <*>
E54,AppleThunderboltNHIType2::waitForOk2Go2Sx - intel_rp = 1 dlla_reporting_supported = 0,<*>::<*> - intel_rp = <*> dlla_reporting_supported = <*>
E48,-[UABestAppSuggestionManager notifyBestAppChanged:type:options:bundleIdentifier:activityType:dynamicIdentifier:when:confidence:deviceName:deviceIdentifier:deviceType:] (null) UASuggestedActionType=0 (null)/(null) opts=(null) when=2017-07-01 17:08:20 +0000 confidence=1 from=(null)/(null) (UABestAppSuggestionManager.m #319),-[UABestAppSuggestionManager notifyBestAppChanged:type:options:bundleIdentifier:activityType:dynamicIdentifier:when:confidence:deviceName:deviceIdentifier:deviceType:] (null) UASuggestedActionType=<*> (null)/(null) opts=(null) when=<*>
E171,"CCFile::captureLog Received Capture notice id: 1498928900.759059, reason = AuthFail:sts:5_rsn:0","CCFile::captureLog Received Capture notice id: <*>, reason = AuthFail:sts:<NUM>_rsn:<NUM>"
E313,"SOSAccountThisDeviceCanSyncWithCircle sync with device failure: Error Domain=com.apple.security.sos.error Code=1035 ""Account identity not set"" UserInfo={NSDescription=Account identity not set}","SOSAccountThisDeviceCanSyncWithCircle sync with device failure: Error Domain=com.apple.security.sos.error Code=<*> ""Account identity not set"" UserInfo={NSDescription=Account identity not set}"
E304,"securityd_xpc_dictionary_handler cloudd[326] copy_matching Error Domain=NSOSStatusErrorDomain Code=-50 ""query missing class name"" (paramErr: error in user parameter list) UserInfo={NSDescription=query missing class name}","securityd_xpc_dictionary_handler cloudd[<*>] copy_matching Error Domain=NSOSStatusErrorDomain Code=<*> ""query missing class name"" (paramErr: error in user parameter list) UserInfo={NSDescription=query missing class name}"
E301,Saw change in network reachability (isReachable=2),Saw change in network reachability (isReachable=<*>)
E80,"2017-07-01 19:46:26.133 GoogleSoftwareUpdateAgent[31702/0x7000002a0000] [lvl=2] -[KSAgentApp(KeystoneThread) runKeystonesInThreadWithArg:] Checking with local engine: <KSUpdateEngine:0x100259c60 ticketStore=<KSPersistentTicketStore:0x100253770 store=<KSKeyedPersistentStore:0x100254d10 path=""/Users/xpc/Library/Google/GoogleSoftwareUpdate/TicketStore/Keystone.ticketstore"" lockFile=<KSLockFile:0x100254d80 path=""/Users/xpc/Library/Google/GoogleSoftwareUpdate/TicketStore/Keystone.ticketstore.lock"" locked=NO > >> processor=<KSActionProcessor:0x100259e70 delegate=<KSUpdateEngine:0x100259c60> isProcessing=NO actionsCompleted=0 progress=0.00 errors=0 currentActionErrors=0 events=0 currentActionEvents=0 actionQueue=( ) > delegate=(null) serverInfoStore=<KSServerPrivateInfoStore:0x1002594d0 path=""/Users/xpc/Library/Google/GoogleSoftwareUpdate/Servers""> errors=0 >","<*>-<*>-<*> <*>:<*>:<*>.<*> GoogleSoftwareUpdateAgent[<*>/<*>] [lvl=<*>] -[KSAgentApp(KeystoneThread) runKeystonesInThreadWithArg:] Checking with local engine: <KSUpdateEngine:<*> ticketStore=<KSPersistentTicketStore:<*> store=<KSKeyedPersistentStore:<*> path=""<*>"" lockFile=<KSLockFile:<*> path=""<*>"" locked=NO > >> processor=<KSActionProcessor:<*> delegate=<KSUpdateEngine:<*>> isProcessing=NO actionsCompleted=<*> progress=<*>.<*> errors=<*> currentActionErrors=<*> events=<*> currentActionEvents=<*> actionQueue=( ) > delegate=(null) serverInfoStore=<KSServerPrivateInfoStore:<*> path=<*> errors=<*> >"
E303,"SecOSStatusWith error:[-50] Error Domain=NSOSStatusErrorDomain Code=-50 ""query missing class name"" (paramErr: error in user parameter list) UserInfo={NSDescription=query missing class name}","SecOSStatusWith error:[<*>] Error Domain=NSOSStatusErrorDomain Code=<*> ""query missing class name"" (paramErr: error in user parameter list) UserInfo={NSDescription=query missing class name}"
E28,[com.apple.calendar.store.log.caldav.coredav] [Refusing to parse response to PROPPATCH because of content-type: [text/html; charset=UTF-8].],[com.apple.calendar.store.log.caldav.coredav] [Refusing to parse response to PROPPATCH because of content-type: [text/html; charset=UTF-<*>].]
E77,"2017-07-02 10:40:07.676 GoogleSoftwareUpdateAgent[32012/0x7000002a0000] [lvl=2] -[KSAgentApp updateProductWithProductID:usingEngine:] Checking for updates for ""com.google.Keystone"" using engine <KSUpdateEngine:0x100313e70 ticketStore=<KSPersistentTicketStore:0x100332a60 store=<KSKeyedPersistentStore:0x100315fa0 path=""/Users/xpc/Library/Google/GoogleSoftwareUpdate/TicketStore/Keystone.ticketstore"" lockFile=<KSLockFile:0x1003176d0 path=""/Users/xpc/Library/Google/GoogleSoftwareUpdate/TicketStore/Keystone.ticketstore.lock"" locked=NO > >> processor=<KSActionProcessor:0x1003143e0 delegate=<KSUpdateEngine:0x100313e70> isProcessing=NO actionsCompleted=0 progress=0.00 errors=0 currentActionErrors=0 events=0 currentActionEvents=0 actionQueue=( ) > delegate=(null) serverInfoStore=<KSServerPrivateInfoStore:0x100311a10 path=""/Users/xpc/Library/Google/GoogleSoftwareUpdate/Servers""> errors=0 >","<*>-<*>-<*> <*>:<*>:<*>.<*> GoogleSoftwareUpdateAgent[<*>/<*>] [lvl=<*>] -[KSAgentApp updateProductWithProductID:usingEngine:] Checking for updates for ""com.google.Keystone"" using engine <KSUpdateEngine:<*> ticketStore=<KSPersistentTicketStore:<*> store=<KSKeyedPersistentStore:<*> path=""<*>"" lockFile=<KSLockFile:<*> path=""<*>"" locked=NO > >> processor=<KSActionProcessor:<*> delegate=<KSUpdateEngine:<*>> isProcessing=NO actionsCompleted=<*> progress=<*>.<*> errors=<*> currentActionErrors=<*> events=<*> currentActionEvents=<*> actionQueue=( ) > delegate=(null) serverInfoStore=<KSServerPrivateInfoStore:<*> path=""<*>""> errors=<*> >"
E53,2017/07/02 11:38:49.414 | I | VoipWrapper  | DAVEngineImpl.cpp:1400:Close             | close video chat. llFriendUIN = ******2341.,<*>/<*>/<*> <*>:<*>:<*>.<*> | I | VoipWrapper  | DAVEngineImpl.cpp:<*>:Close             | close video chat. llFriendUIN = <*><*>.
E86,2017-07-02 15:46:40.516 GoogleSoftwareUpdateAgent[32432/0x7000002a0000] [lvl=2] -[KSOutOfProcessFetcher(PrivateMethods) launchedHelperTaskForToolPath:error:] KSOutOfProcessFetcher launched '/Users/xpc/Library/Google/GoogleSoftwareUpdate/GoogleSoftwareUpdate.bundle/Contents/MacOS/ksfetch' with process id: 32433,<*>-<*>-<*> <*>:<*>:<*>.<*> GoogleSoftwareUpdateAgent[<*>/<*>] [lvl=<*>] -[KSOutOfProcessFetcher(PrivateMethods) launchedHelperTaskForToolPath:error:] KSOutOfProcessFetcher launched '/Users/xpc/Library/Google/GoogleSoftwareUpdate/GoogleSoftwareUpdate.bundle/Contents/MacOS/ksfetch' with process id: <*>
E90,"2017-07-02 15:46:40.697 GoogleSoftwareUpdateAgent[32432/0x7000002a0000] [lvl=2] -[KSUpdateEngine updateAllExceptProduct:] KSUpdateEngine updating all installed products, except:'com.google.Keystone'.","<*>-<*>-<*> <*>:<*>:<*>.<*> GoogleSoftwareUpdateAgent[<*>/<*>] [lvl=<*>] -[KSUpdateEngine updateAllExceptProduct:] KSUpdateEngine updating all installed products, except:'com.google.Keystone'."
E96,2017-07-02 15:46:41.445 ksfetch[32435/0x7fff79824000] [lvl=2] main() ksfetch fetching URL (<NSMutableURLRequest: 0x1005110b0> { URL: https://tools.google.com/service/update2?cup2hreq=53f725cf03f511fab16f19e789ce64aa1eed72395fc246e9f1100748325002f4&cup2key=7:1132320327 }) to folder:/tmp/KSOutOfProcessFetcher.YH2CjY1tnx/download,<*>-<*>-<*> <*>:<*>:<*>.<*> ksfetch[<*>/<*>] [lvl=<*>] main() ksfetch fetching URL (<NSMutableURLRequest: <*>> { URL: <*> }) to folder:<*>
E283,"Path not allowed in target domain: type = pid, path = /System/Library/StagedFrameworks/Safari/SafariShared.framework/Versions/A/XPCServices/com.apple.Safari.SearchHelper.xpc/Contents/MacOS/com.apple.Safari.SearchHelper error = 147: The specified service did not ship in the requestor's bundle, origin = /System/Library/StagedFrameworks/Safari/WebKit.framework/Versions/A/XPCServices/com.apple.WebKit.WebContent.xpc","Path not allowed in target domain: type = pid, path = <*> error = <*>: The specified service did not ship in the requestor's bundle, origin = <*>"
E19,[17:19:15.148] itemasync_SetProperty signalled err=-12785 (kFigBaseObjectError_Invalidated) (invalidated) at /Library/Caches/com.apple.xbs/Sources/CoreMedia/CoreMedia-1731.15.207/Prototypes/Player/FigPlayer_Async.c line 2306,[<*>:<*>:<*>.<*>] itemasync_SetProperty signalled err=<*> (kFigBaseObjectError_Invalidated) (invalidated) at <*> line <*>
E286,"PBRequester failed with Error Error Domain=NSURLErrorDomain Code=-1001 ""The request timed out."" UserInfo={NSUnderlyingError=0x7fe133460660 {Error Domain=kCFErrorDomainCFNetwork Code=-1001 ""The request timed out."" UserInfo={NSErrorFailingURLStringKey=https://gsp-ssl.ls.apple.com/dispatcher.arpc, NSErrorFailingURLKey=https://gsp-ssl.ls.apple.com/dispatcher.arpc, _kCFStreamErrorCodeKey=-2102, _kCFStreamErrorDomainKey=4, NSLocalizedDescription=The request timed out.}}, NSErrorFailingURLStringKey=https://gsp-ssl.ls.apple.com/dispatcher.arpc, NSErrorFailingURLKey=https://gsp-ssl.ls.apple.com/dispatcher.arpc, _kCFStreamErrorDomainKey=4, _kCFStreamErrorCodeKey=-2102, NSLocalizedDescription=The request timed out.}","PBRequester failed with Error Error Domain=NSURLErrorDomain Code=<*> ""The request timed out."" UserInfo={NSUnderlyingError=<*> {Error Domain=kCFErrorDomainCFNetwork Code=<*> ""The request timed out."" UserInfo={NSErrorFailingURLStringKey=<*>, NSErrorFailingURLKey=<*>, _kCFStreamErrorCodeKey=<*>, _kCFStreamErrorDomainKey=<*>, NSLocalizedDescription=The request timed out.}}, NSErrorFailingURLStringKey=<*>, NSErrorFailingURLKey=<*>, _kCFStreamErrorDomainKey=<*>, _kCFStreamErrorCodeKey=<*>, NSLocalizedDescription=The request timed out.}"
E92,2017-07-02 20:50:47.457 ksfetch[32776/0x7fff79824000] [lvl=2] KSHelperReceiveAllData() KSHelperTool read 1926 bytes from stdin.,<*>-<*>-<*> <*>:<*>:<*>.<*> ksfetch[<*>/<*>] [lvl=<*>] KSHelperReceiveAllData() KSHelperTool read <*> bytes from stdin.
E17,[21:17:07.529] FigAgglomeratorSetObjectForKey signalled err=-16020 (kFigStringConformerError_ParamErr) (NULL key) at /Library/Caches/com.apple.xbs/Sources/CoreMedia/CoreMedia-1731.15.207/Prototypes/LegibleOutput/FigAgglomerator.c line 92,[<*>:<*>:<*>.<*>] FigAgglomeratorSetObjectForKey signalled err=<*> (kFigStringConformerError_ParamErr) (NULL key) at <*> line <*>
E285,"PBRequester failed with Error Error Domain=NSURLErrorDomain Code=-1009 ""The Internet connection appears to be offline."" UserInfo={NSUnderlyingError=0x7fe13512cf70 {Error Domain=kCFErrorDomainCFNetwork Code=-1009 ""The Internet connection appears to be offline."" UserInfo={NSErrorFailingURLStringKey=https://gsp-ssl.ls.apple.com/dispatcher.arpc, NSErrorFailingURLKey=https://gsp-ssl.ls.apple.com/dispatcher.arpc, _kCFStreamErrorCodeKey=8, _kCFStreamErrorDomainKey=12, NSLocalizedDescription=The Internet connection appears to be offline.}}, NSErrorFailingURLStringKey=https://gsp-ssl.ls.apple.com/dispatcher.arpc, NSErrorFailingURLKey=https://gsp-ssl.ls.apple.com/dispatcher.arpc, _kCFStreamErrorDomainKey=12, _kCFStreamErrorCodeKey=8, NSLocalizedDescription=The Internet connection appears to be offline.}","PBRequester failed with Error Error Domain=NSURLErrorDomain Code=<*> ""The Internet connection appears to be offline."" UserInfo={NSUnderlyingError=<*> {Error Domain=kCFErrorDomainCFNetwork Code=<*> ""The Internet connection appears to be offline."" UserInfo={NSErrorFailingURLStringKey=<*>, NSErrorFailingURLKey=<*>, _kCFStreamErrorCodeKey=<*>, _kCFStreamErrorDomainKey=<*>, NSLocalizedDescription=The Internet connection appears to be offline.}}, NSErrorFailingURLStringKey=<*>, NSErrorFailingURLKey=<*>, _kCFStreamErrorDomainKey=<*>, _kCFStreamErrorCodeKey=<*>, NSLocalizedDescription=The Internet connection appears to be offline.}"
E312,sigio_handler: sigio_handler_active != 0,sigio_handler: sigio_handler_active != <*>
E211,enabling pid=30298 for plug-in com.apple.ncplugin.weather(1.0) 131FE7ED-87F7-471D-8797-C11107688DF7 /System/Library/CoreServices/Weather.app/Contents/PlugIns/com.apple.ncplugin.weather.appex,enabling pid=<*> for plug-in com.apple.ncplugin.weather(<*>.<*>) <*>-<*>-<*>-<*>-<*> <*>
E76,"2017-07-03 10:40:41.730 GoogleSoftwareUpdateAgent[33263/0x700000323000] [lvl=2] -[KSAgentApp performSelfUpdateWithEngine:] Checking for self update with Engine: <KSUpdateEngine:0x10062de70 ticketStore=<KSPersistentTicketStore:0x1005206e0 store=<KSKeyedPersistentStore:0x1005282c0 path=""/Users/xpc/Library/Google/GoogleSoftwareUpdate/TicketStore/Keystone.ticketstore"" lockFile=<KSLockFile:0x100510480 path=""/Users/xpc/Library/Google/GoogleSoftwareUpdate/TicketStore/Keystone.ticketstore.lock"" locked=NO > >> processor=<KSActionProcessor:0x10062e060 delegate=<KSUpdateEngine:0x10062de70> isProcessing=NO actionsCompleted=0 progress=0.00 errors=0 currentActionErrors=0 events=0 currentActionEvents=0 actionQueue=( ) > delegate=(null) serverInfoStore=<KSServerPrivateInfoStore:0x10062d2d0 path=""/Users/xpc/Library/Google/GoogleSoftwareUpdate/Servers""> errors=0 >",<*>-<*>-<*> <*>:<*>:<*>.<*> GoogleSoftwareUpdateAgent[<*>/<*>] [lvl=<*>] -[KSAgentApp performSelfUpdateWithEngine:] Checking for self update with Engine: <KSUpdateEngine:<*> ticketStore=<KSPersistentTicketStore:<*> store=<KSKeyedPersistentStore:<*> path=<*> lockFile=<KSLockFile:<*> path=<*> locked=NO > >> processor=<KSActionProcessor:<*> delegate=<KSUpdateEngine:<*>> isProcessing=NO actionsCompleted=<*> progress=<*>.<*> errors=<*> currentActionErrors=<*> events=<*> currentActionEvents=<*> actionQueue=( ) > delegate=(null) serverInfoStore=<KSServerPrivateInfoStore:<*> path=<*> errors=<*> >
E82,2017-07-03 10:40:42.940 GoogleSoftwareUpdateAgent[33263/0x700000323000] [lvl=2] -[KSOmahaServer updateInfosForUpdateResponse:updateRequest:infoStore:upToDateTickets:updatedTickets:events:errors:] Response passed CUP validation.,<*>-<*>-<*> <*>:<*>:<*>.<*> GoogleSoftwareUpdateAgent[<*>/<*>] [lvl=<*>] -[KSOmahaServer updateInfosForUpdateResponse:updateRequest:infoStore:upToDateTickets:updatedTickets:events:errors:] Response passed CUP validation.
E18,[11:31:49.593] itemasync_CopyProperty signalled err=-12785 (kFigBaseObjectError_Invalidated) (invalidated) at /Library/Caches/com.apple.xbs/Sources/CoreMedia/CoreMedia-1731.15.207/Prototypes/Player/FigPlayer_Async.c line 2092,[<*>:<*>:<*>.<*>] itemasync_CopyProperty signalled err=<*> (kFigBaseObjectError_Invalidated) (invalidated) at <*> line <*>
E174,"CCFile::copyFile fileName is [2017-07-03_13,48,39.308188]-io80211Family-002.pcapng, source path:/var/log/CoreCapture/com.apple.iokit.IO80211Family/IO80211AWDLPeerManager//[2017-07-03_13,48,39.308188]-io80211Family-002.pcapng, dest path:/Library/Logs/CrashReporter/CoreCapture/com.apple.iokit.IO80211Family/[2017-07-03_13,50,14.954481]=AssocFail:sts:2_rsn:0/IO80211AWDLPeerManager//[2017-07-03_13,48,39.308188]-io80211Family-002.pcapng","CCFile::copyFile fileName is [<*>-<*>-<*>_<*>,<*>,<*>.<*>]-<*>, source path:<*>, dest path:<*>"
E99,"<<<< FigByteStream >>>> FigByteStreamStatsLogOneRead: ByteStream read of 4812 bytes @ 358800 took 1.053312 secs. to complete, 5 reads >= 1 sec.","<<<< FigByteStream >>>> FigByteStreamStatsLogOneRead: ByteStream read of <*> bytes @ <*> took <*>.<*> <*> to complete, <*> reads >= <*> sec."
E27,"[CardDAVPlugin-ERROR] -getPrincipalInfo:[_controller supportsRequestCompressionAtURL:https://13957525385%40163.com@p28-contacts.icloud.com/874161398/principal/] Error Domain=NSURLErrorDomain Code=-1001 ""The request timed out."" UserInfo={NSUnderlyingError=0x7f9af3646900 {Error Domain=kCFErrorDomainCFNetwork Code=-1001 ""The request timed out."" UserInfo={NSErrorFailingURLStringKey=https://13957525385%40163.com@p28-contacts.icloud.com/874161398/principal/, NSErrorFailingURLKey=https://13957525385%40163.com@p28-contacts.icloud.com/874161398/principal/, _kCFStreamErrorCodeKey=-2102, _kCFStreamErrorDomainKey=4, NSLocalizedDescription=The request timed out.}}, NSErrorFailingURLStringKey=https://13957525385%40163.com@p28-contacts.icloud.com/874161398/principal/, NSErrorFailingURLKey=https://13957525385%40163.com@p28-contacts.icloud.com/874161398/principal/, _kCFStreamErrorDomainKey=4, _kCFStreamErrorCodeKey=-2102, NSLocalizedDescription=The request timed out.}","[CardDAVPlugin-ERROR] -getPrincipalInfo:[_controller supportsRequestCompressionAtURL:<*>] Error Domain=NSURLErrorDomain Code=<*> ""The request timed out."" UserInfo={NSUnderlyingError=<*> {Error Domain=kCFErrorDomainCFNetwork Code=<*> ""The request timed out."" UserInfo={NSErrorFailingURLStringKey=<*>, NSErrorFailingURLKey=<*>, _kCFStreamErrorCodeKey=<*>, _kCFStreamErrorDomainKey=<*>, NSLocalizedDescription=The request timed out.}}, NSErrorFailingURLStringKey=<*>, NSErrorFailingURLKey=<*>, _kCFStreamErrorDomainKey=<*>, _kCFStreamErrorCodeKey=<*>, NSLocalizedDescription=The request timed out.}"
E155,ASSERTION FAILED: dvcAddrRef != ((void *)0) -[DriverServices getDeviceAddress:] line: 2789,ASSERTION FAILED: dvcAddrRef != ((void *)<*>) -[DriverServices getDeviceAddress:] line: <*>
E170,"CCFile::captureLog Received Capture notice id: 1499133420.914478, reason = DeauthInd:sts:0_rsn:7","CCFile::captureLog Received Capture notice id: <*>, reason = DeauthInd:sts:<NUM>_rsn:<NUM>"
E89,2017-07-03 20:25:13.378 GoogleSoftwareUpdateAgent[33847/0x7000002a0000] [lvl=2] -[KSUpdateCheckAction performAction] KSUpdateCheckAction starting update check for ticket(s): {( <KSTicket:0x10053b310 productID=com.google.Keystone version=1.2.8.57 xc=<KSPathExistenceChecker:0x10053ac30 path=/Users/xpc/Library/Google/GoogleSoftwareUpdate/GoogleSoftwareUpdate.bundle> url=https://tools.google.com/service/update2 creationDate=2017-02-18 15:41:17 ticketVersion=1 > )} Using server: <KSOmahaServer:0x100248090 engine=<KSUpdateEngine:0x1007249c0> >,<*>-<*>-<*> <*>:<*>:<*>.<*> GoogleSoftwareUpdateAgent[<*>/<*>] [lvl=<*>] -[KSUpdateCheckAction performAction] KSUpdateCheckAction starting update check for ticket(s): {( <KSTicket:<*> productID=<*> version=<*> xc=<KSPathExistenceChecker:<*> path=<*> url=<*> creationDate=<*>-<*>-<*> <*>:<*>:<*> ticketVersion=<*> > )} Using server: <KSOmahaServer:<*> engine=<KSUpdateEngine:<*>> >
E185,Checking iCDP status for DSID 874161398 (checkWithServer=0),Checking iCDP status for DSID <*> (checkWithServer=<*>)
E91,"2017-07-04 09:42:57.924 GoogleSoftwareUpdateAgent[34603/0x700000323000] [lvl=2] +[KSCodeSigningVerification verifyBundle:applicationId:error:] KSCodeSigningVerification verifying code signing for '/Users/xpc/Library/Google/GoogleSoftwareUpdate/GoogleSoftwareUpdate.bundle/Contents/MacOS/GoogleSoftwareUpdateDaemon' with the requirement 'anchor apple generic and certificate 1[field.1.2.840.113635.100.6.2.6] exists and certificate leaf[field.1.2.840.113635.100.6.1.13] exists and certificate leaf[subject.OU]=""EQHXZ8M8AV"" and (identifier=""com.google.Keystone"")'","<*>-<*>-<*> <*>:<*>:<*>.<*> GoogleSoftwareUpdateAgent[<*>/<*>] [lvl=<*>] +[KSCodeSigningVerification verifyBundle:applicationId:error:] KSCodeSigningVerification verifying code signing for '/Users/xpc/Library/Google/GoogleSoftwareUpdate/GoogleSoftwareUpdate.bundle/Contents/MacOS/GoogleSoftwareUpdateDaemon' with the requirement 'anchor apple generic and certificate <*>[field.<*>.<*>] exists and certificate leaf[field.<*>.<*>] exists and certificate leaf[subject.OU]=""<*>"" and (identifier=""com.google.Keystone"")'"
E95,2017-07-04 09:42:58.121 ksfetch[34604/0x7fff79824000] [lvl=2] main() ksfetch done fetching.,<*>-<*>-<*> <*>:<*>:<*>.<*> ksfetch[<*>/<*>] [lvl=<*>] main() ksfetch done fetching.
E169,"CCFile::captureLog Received Capture notice id: 1499192921.020010, reason = AssocFail:sts:5_rsn:0","CCFile::captureLog Received Capture notice id: <*>, reason = AssocFail:sts:<NUM>_rsn:<NUM>"
E22,"[Accounts] Failed to update account with identifier 76FE6715-3D27-4F21-AA35-C88C1EA820E8, error: Error Domain=ABAddressBookErrorDomain Code=1002 ""(null)""","[Accounts] Failed to update account with identifier <*>-<*>-<*>-<*>-<*>, error: Error Domain=ABAddressBookErrorDomain Code=<*> ""(null)"""
E85,"2017-07-04 15:03:53.270 GoogleSoftwareUpdateAgent[35018/0x7000002a0000] [lvl=2] -[KSOutOfProcessFetcher(PrivateMethods) helperDidTerminate:] KSOutOfProcessFetcher fetch ended for URL: ""https://tools.google.com/service/update2?cup2hreq=a70d6372a4e45a6cbba61cd7f057c79bf73c79db1b1951dc17c605e870f0419b&cup2key=7:934679018""","<*>-<*>-<*> <*>:<*>:<*>.<*> GoogleSoftwareUpdateAgent[<*>/<*>] [lvl=<*>] -[KSOutOfProcessFetcher(PrivateMethods) helperDidTerminate:] KSOutOfProcessFetcher fetch ended for URL: ""<*>"""
E11,[00:28:42.167] (Fig) signalled err=-12871,[<*>:<*>:<*>.<*>] (Fig) signalled err=<*>
E94,2017-07-05 10:52:16.779 ksfetch[35863/0x7fff79824000] [lvl=2] main() Fetcher received a request: <NSMutableURLRequest: 0x100501610> { URL: https://tools.google.com/service/update2?cup2hreq=a7873a51b1cb55518e420d20dff47d463781ed3f7aa83c3153129eefb148070b&cup2key=7:2501762722 },<*>-<*>-<*> <*>:<*>:<*>.<*> ksfetch[<*>/<*>] [lvl=<*>] main() Fetcher received a request: <NSMutableURLRequest: <*>> { URL: <*> }
E87,2017-07-05 10:52:16.977 GoogleSoftwareUpdateAgent[35861/0x700000323000] [lvl=2] -[KSPrefetchAction performAction] KSPrefetchAction no updates to prefetch.,<*>-<*>-<*> <*>:<*>:<*>.<*> GoogleSoftwareUpdateAgent[<*>/<*>] [lvl=<*>] -[KSPrefetchAction performAction] KSPrefetchAction no updates to prefetch.
E105,<IMMacNotificationCenterManager: 0x7fdcc9d16380>: notification observer: com.apple.FaceTime   notification: __CFNotification 0x7fdcc9d19110 {name = _NSDoNotDisturbEnabledNotification},<IMMacNotificationCenterManager: <*>>: notification observer: com.apple.FaceTime   notification: __CFNotification <*> {name = _NSDoNotDisturbEnabledNotification}
E168,"CCFile::captureLog Received Capture notice id: 1499295963.492254, reason = RoamFail:sts:1_rsn:1","CCFile::captureLog Received Capture notice id: <*>, reason = RoamFail:sts:<NUM>_rsn:<NUM>"
E83,"2017-07-05 16:18:06.450 GoogleSoftwareUpdateAgent[36128/0x7000002a0000] [lvl=2] -[KSOutOfProcessFetcher beginFetchWithDelegate:] KSOutOfProcessFetcher fetching from URL: ""https://tools.google.com/service/update2?cup2hreq=ac844e04cbb398fcef4cf81b4ffc44a3ebc863e89d19c0b5d39d02d78d26675b&cup2key=7:677488741""","<*>-<*>-<*> <*>:<*>:<*>.<*> GoogleSoftwareUpdateAgent[<*>/<*>] [lvl=<*>] -[KSOutOfProcessFetcher beginFetchWithDelegate:] KSOutOfProcessFetcher fetching from URL: ""<*>"""
E245,"hostControllerOnline - Number of Paired devices = 1, List of Paired devices = ( ""84-41-67-32-db-e1"" )","hostControllerOnline - Number of Paired devices = <*>, List of Paired devices = ( ""<*>-<*>-<*>-<*>-<*>-<*>"" )"
E8,**** [IOBluetoothHostControllerUSBTransport][start] -- completed -- result = TRUE -- 0xb000 ****,**** [IOBluetoothHostControllerUSBTransport][start] -- completed -- result = TRUE -- <*> ****
E93,2017-07-06 00:30:37.064 ksfetch[36439/0x7fff79824000] [lvl=2] main() Fetcher is exiting.,<*>-<*>-<*> <*>:<*>:<*>.<*> ksfetch[<*>/<*>] [lvl=<*>] main() Fetcher is exiting.
E26,"[CardDAVPlugin-ERROR] -getPrincipalInfo:[_controller supportsRequestCompressionAtURL:https://13957525385%40163.com@p28-contacts.icloud.com/874161398/principal/] Error Domain=NSURLErrorDomain Code=-1009 ""The Internet connection appears to be offline."" UserInfo={NSUnderlyingError=0x7f8de0c0dc70 {Error Domain=kCFErrorDomainCFNetwork Code=-1009 ""The Internet connection appears to be offline."" UserInfo={NSErrorFailingURLStringKey=https://13957525385%40163.com@p28-contacts.icloud.com/874161398/principal/, NSErrorFailingURLKey=https://13957525385%40163.com@p28-contacts.icloud.com/874161398/principal/, _kCFStreamErrorCodeKey=8, _kCFStreamErrorDomainKey=12, NSLocalizedDescription=The Internet connection appears to be offline.}}, NSErrorFailingURLStringKey=https://13957525385%40163.com@p28-contacts.icloud.com/874161398/principal/, NSErrorFailingURLKey=https://13957525385%40163.com@p28-contacts.icloud.com/874161398/principal/, _kCFStreamErrorDomainKey=12, _kCFStreamErrorCodeKey=8, NSLocalizedDescription=The Internet connection appears to be offline.}","[CardDAVPlugin-ERROR] -getPrincipalInfo:[_controller supportsRequestCompressionAtURL:<*>] Error Domain=NSURLErrorDomain Code=<*> ""The Internet connection appears to be offline."" UserInfo={NSUnderlyingError=<*> {Error Domain=kCFErrorDomainCFNetwork Code=<*> ""The Internet connection appears to be offline."" UserInfo={NSErrorFailingURLStringKey=<*>, NSErrorFailingURLKey=<*>, _kCFStreamErrorCodeKey=<*>, _kCFStreamErrorDomainKey=<*>, NSLocalizedDescription=The Internet connection appears to be offline.}}, NSErrorFailingURLStringKey=<*>, NSErrorFailingURLKey=<*>, _kCFStreamErrorDomainKey=<*>, _kCFStreamErrorCodeKey=<*>, NSLocalizedDescription=The Internet connection appears to be offline.}"
E81,2017-07-06 09:24:14.733 GoogleSoftwareUpdateAgent[36726/0x7000002a0000] [lvl=2] -[KSMultiUpdateAction performAction] KSPromptAction had no updates to apply.,<*>-<*>-<*> <*>:<*>:<*>.<*> GoogleSoftwareUpdateAgent[<*>/<*>] [lvl=<*>] -[KSMultiUpdateAction performAction] KSPromptAction had no updates to apply.
E186,ChromeExistion main isUndetectWithCommand = 1,ChromeExistion main isUndetectWithCommand = <*>
E108,after trim url = https://www.google.com/_/chrome/newtab?rlz=1C5CHFA_enHK732HK732&espv=2&ie=UTF-8,after trim url = https://www.google.com/_/chrome/newtab?rlz=<*>_<*>&espv=<*>&ie=UTF-<*>
E187,"ChromeExistion main strSendMsg = {""websitekey"":false,""commandkey"":true,""browserkey"":true}","ChromeExistion main strSendMsg = {""websitekey"":false,""commandkey"":true,""browserkey"":true}"
E330,url host = www.baidu.com,url host = <*>
E322,the url = http://baike.baidu.com/item/%E8%93%9D%E9%87%87%E5%92%8C/462624?fr=aladdin,the url = <*>
E78,2017-07-06 14:57:16.667 GoogleSoftwareUpdateAgent[37059/0x7000002a0000] [lvl=2] -[KSAgentApp(KeystoneDelegate) updateEngineFinishedWithErrors:] Keystone finished: errors=0,<*>-<*>-<*> <*>:<*>:<*>.<*> GoogleSoftwareUpdateAgent[<*>/<*>] [lvl=<*>] -[KSAgentApp(KeystoneDelegate) updateEngineFinishedWithErrors:] Keystone finished: errors=<*>
E84,"2017-07-06 20:46:03.869 GoogleSoftwareUpdateAgent[37316/0x7000002a0000] [lvl=2] -[KSOutOfProcessFetcher beginFetchWithDelegate:] KSOutOfProcessFetcher start fetch from URL: ""https://tools.google.com/service/update2?cup2hreq=5e15fbe422c816bef7c133cfffdb516e16923579b9be2dfae4d7d8d211b25017&cup2key=7:780377214""","<*>-<*>-<*> <*>:<*>:<*>.<*> GoogleSoftwareUpdateAgent[<*>/<*>] [lvl=<*>] -[KSOutOfProcessFetcher beginFetchWithDelegate:] KSOutOfProcessFetcher start fetch from URL: ""<*>"""
E30,"[com.apple.calendar.store.log.caldav.queue] [Account refresh failed with error: Error Domain=CoreDAVHTTPStatusErrorDomain Code=502 ""(null)"" UserInfo={AccountName=163, CalDAVErrFromRefresh=YES, CoreDAVHTTPHeaders=<CFBasicHash 0x7fa11fe7a810 [0x7fff7abc1440]>{type = immutable dict, count = 5, entries => 0 : Connection = <CFString 0x7fff7ab1aea0 [0x7fff7abc1440]>{contents = ""keep-alive""} 3 : Content-Type = text/html 4 : Content-Length = 166 5 : Server = nginx 6 : Date = <CFString 0x7fa11ac2ab80 [0x7fff7abc1440]>{contents = ""Fri, 07 Jul 2017 05:32:43 GMT""} } }]","[com.apple.calendar.store.log.caldav.queue] [Account refresh failed with error: Error Domain=CoreDAVHTTPStatusErrorDomain Code=<*> ""(null)"" UserInfo={AccountName=<*>, CalDAVErrFromRefresh=YES, CoreDAVHTTPHeaders=<CFBasicHash <*> [<*>]>{type = immutable dict, count = <*>, entries => <*> : Connection = <CFString <*> [<*>]>{contents = ""keep-alive""} <*> : Content-Type = text/html <*> : Content-Length = <*> <*> : Server = nginx <*> : Date = <CFString <*> [<*>]>{contents = ""<*> <*> <*>:<*>:<*> GMT""} } }]"
E273,"no application identifier provided, can't use provisioning profiles [pid=37563]","no application identifier provided, can't use provisioning profiles [pid=<*>]"
E325,"Unable to simultaneously satisfy constraints: ( ""<NSLayoutConstraint:0x7f8efa7db140 H:[NSImageView:0x7f8efa7db900(38)]>"", ""<NSLayoutConstraint:0x7f8efa7cbe00 H:|-(14)-[NSImageView:0x7f8efa7db900]   (Names: PageItemCell:0x7f8efa7cb450, '|':PageItemCell:0x7f8efa7cb450 )>"", ""<NSLayoutConstraint:0x7f8f17556f20 'NSView-Encapsulated-Layout-Width' H:[PageItemCell(73)]   (Names: PageItemCell:0x7f8efa7cb450 )>"", ""<NSLayoutConstraint:0x7f8efa7dc1c0 H:[NSImageView:0x7f8efa7db900]-(10)-[NSTextField:0x7f8efa7da9a0]>"", ""<NSLayoutConstraint:0x7f8efa7cbf70 H:[NSTextField:0x7f8f02f1da90]-(14)-|   (Names: PageItemCell:0x7f8efa7cb450, '|':PageItemCell:0x7f8efa7cb450 )>"", ""<NSLayoutConstraint:0x7f8efa7dc350 H:[NSTextField:0x7f8efa7da9a0]-(>=NSSpace(8))-[NSTextField:0x7f8f02f1da90]>"" )  Will attempt to recover by breaking constraint <NSLayoutConstraint:0x7f8efa7db140 H:[NSImageView:0x7f8efa7db900(38)]>  Set the NSUserDefault NSConstraintBasedLayoutVisualizeMutuallyExclusiveConstraints to YES to have -[NSWindow visualizeConstraints:] automatically called when this happens.  And/or, break on objc_exception_throw to catch this in the debugger.","Unable to simultaneously satisfy constraints: ( ""<NSLayoutConstraint:<*> H:[NSImageView:<*>(<*>)]>"", ""<NSLayoutConstraint:<*> H:|-(<*>)-[NSImageView:<*>]   (Names: PageItemCell:<*>, '|':PageItemCell:<*> )>"", ""<NSLayoutConstraint:<*> 'NSView-Encapsulated-Layout-Width' H:[PageItemCell(<*>)]   (Names: PageItemCell:<*> )>"", ""<NSLayoutConstraint:<*> H:[NSImageView:<*>]-(<*>)-[NSTextField:<*>]>"", ""<NSLayoutConstraint:<*> H:[NSTextField:<*>]-(<*>)-|   (Names: PageItemCell:<*>, '|':PageItemCell:<*> )>"", ""<NSLayoutConstraint:<*> H:[NSTextField:<*>]-(>=NSSpace(<*>))-[NSTextField:<*>]>"" )  Will attempt to recover by breaking constraint <NSLayoutConstraint:<*> H:[NSImageView:<*>(<*>)]>  Set the NSUserDefault NSConstraintBasedLayoutVisualizeMutuallyExclusiveConstraints to YES to have -[NSWindow visualizeConstraints:] automatically called when this happens.  And/or, break on objc_exception_throw to catch this in the debugger."
E88,2017-07-07 10:54:41.875 GoogleSoftwareUpdateAgent[37924/0x7000002a0000] [lvl=2] -[KSUpdateCheckAction performAction] KSUpdateCheckAction starting update check for ticket(s): {( <KSTicket:0x100365950 productID=com.google.Chrome version=59.0.3071.115 xc=<KSPathExistenceChecker:0x10036e950 path=/Applications/Google Chrome.app> serverType=Omaha url=https://tools.google.com/service/update2 creationDate=2017-02-18 15:41:18 tagPath=/Applications/Google Chrome.app/Contents/Info.plist tagKey=KSChannelID brandPath=/Users/xpc/Library/Google/Google Chrome Brand.plist brandKey=KSBrandID versionPath=/Applications/Google Chrome.app/Contents/Info.plist versionKey=KSVersion cohort=1:1y5: cohortName=Stable ticketVersion=1 > )} Using server: <KSOmahaServer:0x100243f20 engine=<KSUpdateEngine:0x1007161b0> >,<*>-<*>-<*> <*>:<*>:<*>.<*> GoogleSoftwareUpdateAgent[<*>/<*>] [lvl=<*>] -[KSUpdateCheckAction performAction] KSUpdateCheckAction starting update check for ticket(s): {( <KSTicket:<*> productID=<*> version=<*> xc=<KSPathExistenceChecker:<*> path=<*> serverType=Omaha url=<*> creationDate=<*>-<*>-<*> <*>:<*>:<*> tagPath=<*> tagKey=KSChannelID brandPath=<*> brandKey=KSBrandID versionPath=<*> versionKey=KSVersion cohort=<*>:<*>: cohortName=Stable ticketVersion=<*> > )} Using server: <KSOmahaServer:<*> engine=<KSUpdateEngine:<*>> >
E193,"CoreAnimation: warning, deleted thread with uncommitted CATransaction; set CA_DEBUG_TRANSACTIONS=1 in environment to log backtraces.","CoreAnimation: warning, deleted thread with uncommitted CATransaction; set CA_DEBUG_TRANSACTIONS=<*> in environment to log backtraces."
E20,[21:22:43.147] mv_LowLevelCheckIfVideoPlayableUsingDecoder signalled err=-12956 (kFigMediaValidatorError_VideoCodecNotSupported) (video codec 1) at  line 1921,[<*>:<*>:<*>.<*>] mv_LowLevelCheckIfVideoPlayableUsingDecoder signalled err=<*> (kFigMediaValidatorError_VideoCodecNotSupported) (video codec <*>) at  line <*>
E73,21:58:33.765 ERROR:    177: timed out after 15.000s (0 0); mMajorChangePending=0,<*>:<*>:<*>.<*> ERROR:    <*>: timed out after <*>.<*> (<*> <*>); mMajorChangePending=<*>
E324,"Unable to simultaneously satisfy constraints: ( ""<NSAutoresizingMaskLayoutConstraint:0x7f9d574e5370 h=-&- v=-&- V:[NSScrollView:0x7f9d64abe480]-(11)-|   (Names: '|':NSView:0x7f9d6a9cc340 )>"", ""<NSAutoresizingMaskLayoutConstraint:0x7f9d7561a270 h=-&- v=-&- V:|-(45)-[NSScrollView:0x7f9d64abe480]   (Names: '|':NSView:0x7f9d6a9cc340 )>"", ""<NSAutoresizingMaskLayoutConstraint:0x7f9d6aa2cf10 h=-&- v=--& V:[NSView:0x7f9d53160e30(0)]>"", ""<NSAutoresizingMaskLayoutConstraint:0x7f9d75652870 h=-&- v=-&- V:|-(0)-[NSView:0x7f9d6a9cc340]   (Names: '|':NSView:0x7f9d53160e30 )>"", ""<NSAutoresizingMaskLayoutConstraint:0x7f9d77ef8f50 h=-&- v=-&- V:[NSView:0x7f9d6a9cc340]-(0)-|   (Names: '|':NSView:0x7f9d53160e30 )>"" )  Will attempt to recover by breaking constraint <NSAutoresizingMaskLayoutConstraint:0x7f9d7561a270 h=-&- v=-&- V:|-(45)-[NSScrollView:0x7f9d64abe480]   (Names: '|':NSView:0x7f9d6a9cc340 )>  Set the NSUserDefault NSConstraintBasedLayoutVisualizeMutuallyExclusiveConstraints to YES to have -[NSWindow visualizeConstraints:] automatically called when this happens.  And/or, break on objc_exception_throw to catch this in the debugger.","Unable to simultaneously satisfy constraints: ( ""<NSAutoresizingMaskLayoutConstraint:<*> h=-&- v=-&- V:[NSScrollView:<*>]-(<*>)-|   (Names: '|':NSView:<*> )>"", ""<NSAutoresizingMaskLayoutConstraint:<*> h=-&- v=-&- V:|-(<*>)-[NSScrollView:<*>]   (Names: '|':NSView:<*> )>"", ""<NSAutoresizingMaskLayoutConstraint:<*> h=-&- v=--& V:[NSView:<*>(<*>)]>"", ""<NSAutoresizingMaskLayoutConstraint:<*> h=-&- v=-&- V:|-(<*>)-[NSView:<*>]   (Names: '|':NSView:<*> )>"", ""<NSAutoresizingMaskLayoutConstraint:<*> h=-&- v=-&- V:[NSView:<*>]-(<*>)-|   (Names: '|':NSView:<*> )>"" )  Will attempt to recover by breaking constraint <NSAutoresizingMaskLayoutConstraint:<*> h=-&- v=-&- V:|-(<*>)-[NSScrollView:<*>]   (Names: '|':NSView:<*> )>  Set the NSUserDefault NSConstraintBasedLayoutVisualizeMutuallyExclusiveConstraints to YES to have -[NSWindow visualizeConstraints:] automatically called when this happens.  And/or, break on objc_exception_throw to catch this in the debugger."
E79,2017-07-08 06:26:32.365 GoogleSoftwareUpdateAgent[39159/0x7000002a0000] [lvl=2] -[KSAgentApp(KeystoneThread) runKeystonesInThreadWithArg:] About to run checks for any other apps.,<*>-<*>-<*> <*>:<*>:<*>.<*> GoogleSoftwareUpdateAgent[<*>/<*>] [lvl=<*>] -[KSAgentApp(KeystoneThread) runKeystonesInThreadWithArg:] About to run checks for any other apps.
E19,pam_unix(sshd:auth): authentication failure; logname= uid=0 euid=0 tty=ssh ruser= rhost=173.234.31.186,pam_unix(sshd:auth): authentication failure; logname= uid=<*> euid=<*> tty=ssh ruser= rhost=<*>
E20,pam_unix(sshd:auth): authentication failure; logname= uid=0 euid=0 tty=ssh ruser= rhost=5.36.59.76.dynamic-dsl-ip.omantel.net.om  user=root,pam_unix(sshd:auth): authentication failure; logname= uid=<*> euid=<*> tty=ssh ruser= rhost=<*> user=<*>
E17,PAM 5 more authentication failures; logname= uid=0 euid=0 tty=ssh ruser= rhost=5.36.59.76.dynamic-dsl-ip.omantel.net.om  user=root,PAM <*> more authentication failures; logname= uid=<*> euid=<*> tty=ssh ruser= rhost=<*>  user=root
E16,PAM 4 more authentication failures; logname= uid=0 euid=0 tty=ssh ruser= rhost=5.188.10.180,PAM <*> more authentication failures; logname= uid=<*> euid=<*> tty=ssh ruser= rhost=<*>
E15,PAM 1 more authentication failure; logname= uid=0 euid=0 tty=ssh ruser= rhost=5.188.10.180,PAM <*> more authentication failure; logname= uid=<*> euid=<*> tty=ssh ruser= rhost=<*>
E23,pam_unix(sshd:session): session opened for user fztu by (uid=0),pam_unix(sshd:session): session opened for user <*> by (uid=<*>)
E32,Final resource view: name=cp-1.slowvm1.tcloud-pg0.utah.cloudlab.us phys_ram=64172MB used_ram=2560MB phys_disk=15GB used_disk=20GB total_vcpus=16 used_vcpus=1 pci_stats=[],Final resource view: name=<*> phys_ram=<*> used_ram=<*> phys_disk=<*> used_disk=<*> total_vcpus=<*> used_vcpus=<*> pci_stats=[]
E35,"Times: total = 1072, boot = 856, init = 210, finish = 6","Times: total = <*>, boot = <*>, init = <*>, finish = <*>"
E118,session opened for user root by (uid=0),session opened for user root by (uid=0)
E15,"jA9J1UvC004306: from=root, size=629060, class=0, nrcpts=1, msgid=<200511091901.jA9J1UvC004306@eadmin1>, relay=#7#@localhost","<*>: from=root, size=<*>, class=<*>, nrcpts=<*>, msgid=<<*>>, relay=#<*>#@localhost"
E16,"jA9J1UvC004306: to=root, ctladdr=root (0/0), delay=00:00:01, xdelay=00:00:00, mailer=relay, pri=659060, relay=[127.0.0.1] [127.0.0.1], dsn=4.0.0, stat=Deferred: Connection refused by [127.0.0.1]","<*>: to=root, ctladdr=root (0/0), delay=<*>:<*>:<*>, xdelay=<*>:<*>:<*>, mailer=relay, pri=<*>, relay=[<*>] [<*>], dsn=<*>.<*>.<*>, stat=Deferred: Connection refused by [<*>]"
E119,START: tftp pid=16563 from=10.100.4.251,START: tftp pid=<*> from=<*>
E108,"root=LABEL=/ initrd=/x86_64/initrd-2.6.9-5.0.5.EL-lustre-1.4.2-perfctr-admin console=tty0 console=ttyS0,19200 fastboot BOOT_IMAGE=/x86_64/vmlinuz-2.6.9-5.0.5.EL-lustre-1.4.2-perfctr","root=LABEL=/ initrd=/<*> console=<*> console=<*>,<*> fastboot BOOT_IMAGE=<*>"
E20,Assuming 33MHz system bus speed for PIO modes; override with idebus=xx,Assuming <*>MHz system bus speed for PIO modes; override with idebus=xx
E69,"md driver 0.90.0 MAX_MD_DEVS=256, MD_SB_DISKS=27","md driver <*>.<*>.<*> MAX_MD_DEVS=<*>, MD_SB_DISKS=<*>"
E97,Reading included configuration file: /etc/xinetd.d/chargen [file=/etc/xinetd.conf] [line=15],Reading included configuration file: <*> [file=<*>] [line=<*>]
E39,"SQM: Failed to start upload with file pattern: C:\Windows\servicing\sqm\*_std.sqm, flags: 0x2 [HRESULT = 0x80004005 - E_FAIL]","SQM: Failed to start upload with file pattern: <*>, flags: <*> [HRESULT = <*> - E_FAIL]"
E38,SQM: Failed to start standard sample upload. [HRESULT = 0x80004005 - E_FAIL],SQM: Failed to start standard sample upload. [HRESULT = <*> - E_FAIL]
E43,SQM: Warning: Failed to upload all unsent reports. [HRESULT = 0x80004005 - E_FAIL],SQM: Warning: Failed to upload all unsent reports. [HRESULT = <*> - E_FAIL]
E5,"00000004 IAdvancedInstallerAwareStore_ResolvePendingTransactions (call 1) (flags = 00000004, progress = NULL, phase = 0, pdwDisposition = @0xb6fd90","<*> IAdvancedInstallerAwareStore_ResolvePendingTransactions (call <*>) (flags = <*>, progress = <*>, phase = <*>, pdwDisposition = @<*>"
E18,Expecting attribute name [HRESULT = 0x800f080d - CBS_E_MANIFEST_INVALID_ITEM],Expecting attribute name [HRESULT = <*> - CBS_E_MANIFEST_INVALID_ITEM]
E20,Failed to get next element [HRESULT = 0x800f080d - CBS_E_MANIFEST_INVALID_ITEM],Failed to get next element [HRESULT = <*> - CBS_E_MANIFEST_INVALID_ITEM]
E21,Failed to internally open package. [HRESULT = 0x800f0805 - CBS_E_INVALID_PACKAGE],Failed to internally open package. [HRESULT = <*> - CBS_E_INVALID_PACKAGE]
E19,Failed to create backup log cab. [HRESULT = 0x80070001 - ERROR_INVALID_FUNCTION],Failed to create backup log cab. [HRESULT = <*> - ERROR_INVALID_FUNCTION]
E6,0000000c ICSITransaction::Commit calling IStorePendingTransaction::Apply - coldpatching=FALSE applyflags=7,<*> ICSITransaction::Commit calling IStorePendingTransaction::Apply - coldpatching=FALSE applyflags=<*>
E11,"Connection broken for id 188978561024, my id = 1, error =","Connection broken for id <*>, my id = <*>, error ="
E44,Server environment:user.dir=/,Server environment:<*>
E30,"New election. My id =  1, proposed zxid=0x700000000","New election. My id =  <*>, proposed zxid=<*>"
E21,Got user-level KeeperException when processing sessionid:0x34ed93485090001 type:create cxid:0x55b8bb0f zxid:0x100000010 txntype:-1 reqpath:n/a Error Path:/home/curi/.zookeeper Error:KeeperErrorCode = NodeExists for /home/curi/.zookeeper,Got user-level KeeperException when processing sessionid:<*> type:create cxid:<*> zxid:<*> txntype:<*> reqpath:<*> Error Path:<*> Error:KeeperErrorCode = NodeExists for <*>
